INSERT INTO federate_unit (acronym, name) VALUES ('AC', 'Acre');
INSERT INTO federate_unit (acronym, name) VALUES ('AL', 'Alagoas');
INSERT INTO federate_unit (acronym, name) VALUES ('AP', 'Amapá');
INSERT INTO federate_unit (acronym, name) VALUES ('AM', 'Amazonas');
INSERT INTO federate_unit (acronym, name) VALUES ('BA', 'Bahia');
INSERT INTO federate_unit (acronym, name) VALUES ('CE', 'Ceará');
INSERT INTO federate_unit (acronym, name) VALUES ('DF', 'Distrito Federal');
INSERT INTO federate_unit (acronym, name) VALUES ('ES', 'Espírito Santo');
INSERT INTO federate_unit (acronym, name) VALUES ('GO', 'Goiás');
INSERT INTO federate_unit (acronym, name) VALUES ('MA', 'Maranhão');
INSERT INTO federate_unit (acronym, name) VALUES ('MT', 'Mato Grosso');
INSERT INTO federate_unit (acronym, name) VALUES ('MS', 'Mato Grosso do Sul');
INSERT INTO federate_unit (acronym, name) VALUES ('MG', 'Minas Gerais');
INSERT INTO federate_unit (acronym, name) VALUES ('PA', 'Pará');
INSERT INTO federate_unit (acronym, name) VALUES ('PB', 'Paraíba');
INSERT INTO federate_unit (acronym, name) VALUES ('PR', 'Paraná');
INSERT INTO federate_unit (acronym, name) VALUES ('PE', 'Pernambuco');
INSERT INTO federate_unit (acronym, name) VALUES ('PI', 'Piauí');
INSERT INTO federate_unit (acronym, name) VALUES ('RJ', 'Rio de Janeiro');
INSERT INTO federate_unit (acronym, name) VALUES ('RN', 'Rio Grande do Norte');
INSERT INTO federate_unit (acronym, name) VALUES ('RS', 'Rio Grande do Sul');
INSERT INTO federate_unit (acronym, name) VALUES ('RO', 'Rondônia');
INSERT INTO federate_unit (acronym, name) VALUES ('RR', 'Roraima');
INSERT INTO federate_unit (acronym, name) VALUES ('SC', 'Santa Catarina');
INSERT INTO federate_unit (acronym, name) VALUES ('SP', 'São Paulo');
INSERT INTO federate_unit (acronym, name) VALUES ('SE', 'Sergipe');
INSERT INTO federate_unit (acronym, name) VALUES ('TO', 'Tocantins');

INSERT INTO city (name, federate_unit_acronym) VALUES ('Rio Branco', 'AC');
INSERT INTO city (name, federate_unit_acronym) VALUES ('Maceió', 'AL');
INSERT INTO city (name, federate_unit_acronym) VALUES ('Macapá', 'AP');
INSERT INTO city (name, federate_unit_acronym) VALUES ('Manaus', 'AM');
INSERT INTO city (name, federate_unit_acronym) VALUES ('Salvador', 'BA');
INSERT INTO city (name, federate_unit_acronym) VALUES ('Fortaleza', 'CE');
INSERT INTO city (name, federate_unit_acronym) VALUES ('Brasília', 'DF');
INSERT INTO city (name, federate_unit_acronym) VALUES ('Vitória', 'ES');
INSERT INTO city (name, federate_unit_acronym) VALUES ('Goiânia', 'GO');
INSERT INTO city (name, federate_unit_acronym) VALUES ('São Luís', 'MA');
INSERT INTO city (name, federate_unit_acronym) VALUES ('Cuiabá', 'MT');
INSERT INTO city (name, federate_unit_acronym) VALUES ('Campo Grande', 'MS');
INSERT INTO city (name, federate_unit_acronym) VALUES ('Belo Horizonte', 'MG');
INSERT INTO city (name, federate_unit_acronym) VALUES ('Belém', 'PA');
INSERT INTO city (name, federate_unit_acronym) VALUES ('João Pessoa', 'PB');
INSERT INTO city (name, federate_unit_acronym) VALUES ('Curitiba', 'PR');
INSERT INTO city (name, federate_unit_acronym) VALUES ('Recife', 'PE');
INSERT INTO city (name, federate_unit_acronym) VALUES ('Teresina', 'PI');
INSERT INTO city (name, federate_unit_acronym) VALUES ('Rio de Janeiro', 'RJ');
INSERT INTO city (name, federate_unit_acronym) VALUES ('Natal', 'RN');
INSERT INTO city (name, federate_unit_acronym) VALUES ('Porto Alegre', 'RS');
INSERT INTO city (name, federate_unit_acronym) VALUES ('Porto Velho', 'RO');
INSERT INTO city (name, federate_unit_acronym) VALUES ('Boa Vista', 'RR');
INSERT INTO city (name, federate_unit_acronym) VALUES ('Florianópolis', 'SC');
INSERT INTO city (name, federate_unit_acronym) VALUES ('São Paulo', 'SP');
INSERT INTO city (name, federate_unit_acronym) VALUES ('Aracaju', 'SE');
INSERT INTO city (name, federate_unit_acronym) VALUES ('Palmas', 'TO');

INSERT INTO neighborhood (name) VALUES ('Centro');
INSERT INTO neighborhood (name) VALUES ('Copacabana');
INSERT INTO neighborhood (name) VALUES ('Itaim Bibi');
INSERT INTO neighborhood (name) VALUES ('Boa Viagem');
INSERT INTO neighborhood (name) VALUES ('Asa Sul');

INSERT INTO street_type (acronym, name) VALUES ('R', 'Rua');
INSERT INTO street_type (acronym, name) VALUES ('AV', 'Avenida');
INSERT INTO street_type (acronym, name) VALUES ('AL', 'Alameda');
INSERT INTO street_type (acronym, name) VALUES ('TR', 'Travessa');
INSERT INTO street_type (acronym, name) VALUES ('PR', 'Praça');
INSERT INTO street_type (acronym, name) VALUES ('ROD', 'Rodovia');
INSERT INTO street_type (acronym, name) VALUES ('EST', 'Estrada');
INSERT INTO street_type (acronym, name) VALUES ('VLA', 'Vila');
INSERT INTO street_type (acronym, name) VALUES ('PC', 'Ponte');
INSERT INTO street_type (acronym, name) VALUES ('LGO', 'Largo');

INSERT INTO street (name, street_type_acronym) VALUES ('Paulista', 'AV');
INSERT INTO street (name, street_type_acronym) VALUES ('Brasil', 'R');
INSERT INTO street (name, street_type_acronym) VALUES ('Independência', 'AL');
INSERT INTO street (name, street_type_acronym) VALUES ('Liberdade', 'TR');
INSERT INTO street (name, street_type_acronym) VALUES ('Sete de Setembro', 'PR');
